"Name","HomeType","EnabledByCalendar","DefaultBackground","FreeBackground","RequiredTHLevel","PurchasePrice","TID","SWF","SWFMidQuality","SWFLowQuality","Foreground","Background","AdditiveLayer","TopLayer","BaseSWF","BuildingBasesSWF","Icon","IconAnimSWF","IconAnimExportName","Thumbnail","MakeCreator","VillageObjectLocator","ParallaxLayer","ParallaxStrength","NightMode","Music","ClanBadgeClip","Component","MaxZoom","IsLarge","MinZoomAtEdge","EnterAnimSWF","EnterAnimExportName","EnterAnimEffectName","ClickableTriggerInstanceName","ClickableGroup","ClickableSpawnInstanceName","ClickableSWF","ClickableExportName","ClickableSfx","ClickableSfxVolume"
"String","String","boolean","boolean","boolean","int","int","String","String","String","String","String","String","String","String","String","String","String","String","String","String","String","String","String","int","boolean","String","String","String","int","boolean","int","String","String","String","String","int","String","String","String","String","int"
"HomeDefault","HOME",,"TRUE","TRUE",,,"TID_SCENERY_CLASSIC","sc/background_player.sc",,,"Player_Background",,,,"sc/background_gamearea.sc",,"image/background_icons/scenery_homevillage.sctx",,,"image/background_icons/village_bgr_image.sctx",,,,,,,,,,,,,,,,,,,,,
"BBDefault","BB",,"TRUE","TRUE",,,"TID_SCENERY_CLASSIC","sc/background_player_2.sc",,,"Second_player_village",,,"fireflies_above",,,"image/background_icons/scenery_builderbase_stage01.sctx",,,"image/background_icons/bb_stage1_bgr_image.sctx",,"StageGateNext:gate_next_location","foreground_1",10,"TRUE",,,,,,,,,,,,,,,,
,,,,,,,,,,,,,,,,,,,,,,"StageGatePrev:gate_prev_location","foreground_2",5,,,,,,,,,,,,,,,,,
,,,,,,,,,,,,,,,,,,,,,,"Shipyard2:ship_location","foreground_3",5,,,,,,,,,,,,,,,,,
,,,,,,,,,,,,,,,,,,,,,,"Rowboat2:boat_location","foreground_4",20,,,,,,,,,,,,,,,,,
,,,,,,,,,,,,,,,,,,,,,,"BB_harbor:harbor_location",,,,,,,,,,,,,,,,,,,
,,,,,,,,,,,,,,,,,,,,,,"LootCartBB:loot_cart_bb_location",,,,,,,,,,,,,,,,,,,
"WarDefault","WAR",,"TRUE","TRUE",,,"TID_SCENERY_CLASSIC","sc/background_war.sc",,,"Player_war_bg",,,,,,"image/background_icons/scenery_warbase_original.sctx",,,"image/background_icons/war_bgr_image.sctx",,,,,,,,,,,,,,,,,,,,,
"NPCDefault","NPC",,"TRUE","TRUE",,,"TID_SCENERY_CLASSIC","sc/background_npc.sc",,,"new_background_npc_01",,,,,"sc/background_npc_scenery_bases.sc","image/background_icons/scenery_homevillage.sctx",,,"image/background_icons/village_bgr_image.sctx",,,,,,,,,,,,,,,,,,,,,
"ClashyConstructs","HOME",,,,,,"TID_SCENERY_CLASHY_CONSTRUCTS","sc/scenery_clashy_constructs_dl_opt.sc",,,"Player_Background",,,,,,"image/background_icons/scenery_clashy_constructs_dl_opt.sctx",,,"image/background_icons/clashy_constructs_bgr_image_dl_opt.sctx",,,,,,,,,,,,,,,,,,,,,
"Pirate","HOME",,,,,,"TID_SCENERY_PIRATE","sc/scenery_pirate_dl_opt.sc",,,"Player_Background",,,,,,"image/background_icons/scenery_pirate_dl_opt.sctx",,,"image/background_icons/pirate_bgr_image_dl_opt.sctx",,,,,,,,,,,,,,,,,,,,,
"EpicWinter","HOME",,,,,,"TID_SCENERY_EPIC_WINTER","sc/scenery_epic_winter_dl_opt.sc",,,"Player_Background",,,,,,"image/background_icons/scenery_epic_winter_dl_opt.sctx",,,"image/background_icons/village_bgr_image_epic_winter_dl_opt.sctx",,,,,,"music/clash_epic_winter_scenery_01_dl_opt.ogg",,,,,,,,,,,,,,,
"Cny2021","HOME",,,,,,"TID_SCENERY_HOG_MOUNTAIN","sc/scenery_cny2021_dl_opt.sc",,,"Player_Background",,,,,,"image/background_icons/scenery_lunar_ny_dl_opt.sctx",,,"image/background_icons/cny2021_bgr_image_dl_opt.sctx",,,,,,"music/hog_mountain_amb_plus_music_dl_opt.ogg",,,,,,,,,,,,,,,
"Jungle","HOME",,,"TRUE",14,,"TID_SCENERY_JUNGLE","sc/scenery_th14_dl_opt.sc",,,"Player_Background",,,,,,"image/background_icons/scenery_basic_jungle.sctx",,,"image/background_icons/jungle_bgr_image_dl_opt.sctx",,,,,,"music/regular_jungle_dl_opt.ogg",,,,,,,,,,,,,,,
"EpicJungle","HOME",,,,,,"TID_SCENERY_EPIC_JUNGLE","sc/scenery_epic_jungle_dl_opt.sc",,,"Player_Background",,,,,,"image/background_icons/scenery_epic_jungle_dl_opt.sctx",,,"image/background_icons/epic_jungle_bgr_image_dl_opt.sctx",,"Shipyard:ship_location",,,,"music/Epic_Jungle_Scenery_Amb_Music_dl_opt.ogg",,,,,,,,,,,,,,,
,,,,,,,,,,,,,,,,,,,,,,"Rowboat:boat_location",,,,,,,,,,,,,,,,,,,
,,,,,,,,,,,,,,,,,,,,,,"BalloonBus:air_ship_location",,,,,,,,,,,,,,,,,,,
,,,,,,,,,,,,,,,,,,,,,,"Forge:forge_location",,,,,,,,,,,,,,,,,,,
"WarMake","WAR",,,,,,"TID_INFERNO_TOWN_SCENERY","sc/scenery_war_dl_opt.sc",,,"Player_war_bg",,,,,,"image/background_icons/scenery_warbase_make_dl_opt.sctx",,,"image/background_icons/make_war_bgr_image_dl_opt.sctx","ThiagoMessias",,,,,"music/clash_war_scenery_01_dl_opt.ogg",,,,,,,,,,,,,,,
"Festival","HOME",,,,,,"TID_9TH_CLASHIVERSARY_SCENERY","sc/scenery_9yanniversary_dl_opt.sc",,,"Player_Background",,,,,,"image/background_icons/scenery_9th_anniversary_dl_opt.sctx",,,"image/background_icons/party_bgr_image_dl_opt.sctx",,,,,,"music/9th_Anniversay_Scenery_Music_dl_opt.ogg",,,,,,,,,,,,,,,
"SpookyVillage","HOME",,,,,,"TID_PUMPKIN_GRAVEYARD_SCENERY","sc/scenery_spooky_village_dl_opt.sc",,,"Player_Background",,,,"sc/scenery_gamearea_spooky_dl_opt.sc","sc/scenery_bases_spooky_dl_opt.sc","image/background_icons/spooky_scenery_dl_opt.sctx",,,"image/background_icons/spooky_bgr_image_dl_opt.sctx","Naji Kadalayi",,"background",-15,,"music/clash_halloween_scenery_01_dl_opt.ogg",,,,,,,,,,,,,,,
,,,,,,,,,,,,,,,,,,,,,,,"foreground",15,,,,,,,,,,,,,,,,,
"SnowDay","HOME",,,,,,"TID_SNOWED_IN_SCENERY","sc/scenery_snowed_in_dl_opt.sc",,,"Player_Background",,,,"sc/scenery_gamearea_snowedin_dl_opt.sc","sc/scenery_bases_snowedin_dl_opt.sc","image/background_icons/scenery_snowed_in_dl_opt.sctx",,,"image/background_icons/snowed_in_image_dl_opt.sctx",,,"foreground",25,,"music/clash_winter_scenery_01_dl_opt.ogg",,,,,,,,,,,,,,,
,,,,,,,,,,,,,,,,,,,,,,,"background",-5,,,,,,,,,,,,,,,,,
"TigerMountain","HOME",,,,,,"TID_TIGER_MOUNTAIN_SCENERY","sc/scenery_cny2022_dl_opt.sc",,,"Player_Background",,,,"sc/scenery_gamearea_cny2022_dl_opt.sc","sc/scenery_bases_cny2022_dl_opt.sc","image/background_icons/scenery_lunar_ny_22_dl_opt.sctx",,,"image/background_icons/lny2022_bgr_image_dl_opt.sctx",,"Shipyard:ship_location",,,,"music/Tiger_Mountain_Scenery_Amb_Music_dl_opt.ogg",,,,,,,,,,,,,,,
,,,,,,,,,,,,,,,,,,,,,,"Rowboat:boat_location",,,,,,,,,,,,,,,,,,,
,,,,,,,,,,,,,,,,,,,,,,"BalloonBus:air_ship_location",,,,,,,,,,,,,,,,,,,
,,,,,,,,,,,,,,,,,,,,,,"Forge:forge_location",,,,,,,,,,,,,,,,,,,
"Pixel","HOME",,,,,,"TID_PIXEL_SCENERY","sc/scenery_8bit_dl_opt.sc",,,"Player_Background",,,,"sc/scenery_gamearea_8bit_dl_opt.sc","sc/scenery_bases_pixel_dl_opt.sc","image/background_icons/scenery_pixel_dl_opt.sctx",,,"image/background_icons/pixel_bgr_image_dl_opt.sctx",,,,,,"music/clash_pixel_scenery_01_dl_opt.ogg",,,,,,,,,,,,,,,
"Primal","HOME",,,,,,"TID_PRIMAL_SCENERY","sc/scenery_primal_dl_opt.sc",,,"Player_Background",,,,"sc/scenery_gamearea_primal_dl_opt.sc","sc/scenery_bases_primal_dl_opt.sc","image/background_icons/scenery_primal_dl_opt.sctx",,,"image/background_icons/primal_bgr_image_dl_opt.sctx",,,"foreground",25,,,,,,,,,,,,,,,,,
"Shadow","HOME",,,,,,"TID_SHADOW_SCENERY","sc/scenery_shadow_dl_opt.sc",,,"Player_Background",,,,"sc/scenery_gamearea_shadow_dl_opt.sc","sc/scenery_bases_shadow_dl_opt.sc","image/background_icons/scenery_shadow_dl_opt.sctx",,,"image/background_icons/shadow_bgr_image_dl_opt.sctx",,"Shipyard:ship_location","foreground",15,,"music/Shadow_Scenery_Ambience_Plus_Music_dl_opt.ogg",,,,,,,,,,,,,,,
,,,,,,,,,,,,,,,,,,,,,,"Rowboat:boat_location",,,,,,,,,,,,,,,,,,,
,,,,,,,,,,,,,,,,,,,,,,"BalloonBus:air_ship_location",,,,,,,,,,,,,,,,,,,
,,,,,,,,,,,,,,,,,,,,,,"Forge:forge_location",,,,,,,,,,,,,,,,,,,
"Royale","HOME",,,,,,"TID_ROYALE_SCENERY","sc/scenery_royale_dl_opt.sc",,,"Player_Background",,,,"sc/scenery_gamearea_royale_dl_opt.sc",,"image/background_icons/scenery_royale_dl_opt.sctx",,,"image/background_icons/royale_bgr_image_dl_opt.sctx",,,"foreground",25,,"music/royale_scenery_amb_music_dl_opt.ogg",,,,,,,,,,,,,,,
"Summer","HOME",,,,,,"TID_SUMMER_SCENERY","sc/scenery_summer_dl_opt.sc",,,"Player_Background",,,,"sc/scenery_gamearea_summer_dl_opt.sc",,"image/background_icons/scenery_summer_dl_opt.sctx",,,"image/background_icons/summer_bgr_image_dl_opt.sctx",,,"foreground",25,,,,,,,,,,,,,,,,,
"10thAnniversary","HOME",,,,,,"TID_10TH_CLASHIVERSARY_SCENERY","sc/scenery_10yanniversary_dl_opt.sc",,,"Player_Background",,,,,,"image/background_icons/scenery_10y_dl_opt.sctx",,,"image/background_icons/10yanniversary_bgr_image_dl_opt.sctx",,"Shipyard:ship_location",,,,"music/10th_Anniversay_Scenery_Music_dl_opt.ogg",,,,,,,,,,,,,,,
,,,,,,,,,,,,,,,,,,,,,,"Rowboat:boat_location",,,,,,,,,,,,,,,,,,,
,,,,,,,,,,,,,,,,,,,,,,"BalloonBus:air_ship_location",,,,,,,,,,,,,,,,,,,
,,,,,,,,,,,,,,,,,,,,,,"Forge:forge_location",,,,,,,,,,,,,,,,,,,
"ClashFest","HOME",,,,,,"TID_CLASHFEST_SCENERY","sc/scenery_clashfest_dl_opt.sc",,,"Player_Background",,,,"sc/scenery_gamearea_clashfest_dl_opt.sc",,"image/background_icons/scenery_clashfest_dl_opt.sctx",,,"image/background_icons/clashfest_bgr_image_dl_opt.sctx",,"Shipyard:ship_location","foreground",5,,"music/Clash_Festival_Scenery_Mix_dl_opt.ogg",,,,,,,,,,,,,,,
,,,,,,,,,,,,,,,,,,,,,,"Rowboat:boat_location","foreground2",10,,,,,,,,,,,,,,,,,
,,,,,,,,,,,,,,,,,,,,,,"BalloonBus:air_ship_location",,,,,,,,,,,,,,,,,,,
,,,,,,,,,,,,,,,,,,,,,,"Forge:forge_location",,,,,,,,,,,,,,,,,,,
"Magic","HOME",,,"TRUE",15,,"TID_MAGIC_SCENERY","sc/scenery_th15_dl_opt.sc",,,"Player_Background",,,,"sc/scenery_gamearea_clashfest_dl_opt.sc",,"image/background_icons/scenery_th15_dl_opt.sctx",,,"image/background_icons/th15_bgr_image_dl_opt.sctx",,,,,,"music/magical_scenery_amb_music_dl_opt.ogg",,,,,,,,,,,,,,,
"EpicMagic","HOME",,,,,,"TID_EPIC_MAGIC_SCENERY","sc/scenery_epicth15_dl_opt.sc",,,"Player_Background",,,,"sc/scenery_gamearea_clashfest_dl_opt.sc",,"image/background_icons/scenery_th15_epic_dl_opt.sctx",,,"image/background_icons/th15_epic_bgr_image_dl_opt.sctx",,"Shipyard:ship_location","foreground",10,,"music/magical_scenery_amb_music_dl_opt.ogg",,,,,,,,,,,,,,,
,,,,,,,,,,,,,,,,,,,,,,"Rowboat:boat_location","foreground2",5,,,,,,,,,,,,,,,,,
,,,,,,,,,,,,,,,,,,,,,,"BalloonBus:air_ship_location",,,,,,,,,,,,,,,,,,,
,,,,,,,,,,,,,,,,,,,,,,"Forge:forge_location",,,,,,,,,,,,,,,,,,,
"CapitalCore","CAPITAL",,"TRUE","TRUE",,,"TID_SCENERY_CLASSIC","sc/background_clan_capital.sc",,,"Player_Background",,,,"sc/background_cc_gamearea.sc",,"image/background_icons/scenery_homevillage.sctx",,,"image/background_icons/clan_capital_core_bgr_image.sctx",,,"background_1",-20,,,"clan_pattern",,,,,,,,,,,,,,
,,,,,,,,,,,,,,,,,,,,,,,"background_2",-10,,,"banner",,,,,,,,,,,,,,
,,,,,,,,,,,,,,,,,,,,,,,"background_3",-5,,,,,,,,,,,,,,,,,
,,,,,,,,,,,,,,,,,,,,,,,"foreground_1",4,,,,,,,,,,,,,,,,,
,,,,,,,,,,,,,,,,,,,,,,,"foreground_2",10,,,,,,,,,,,,,,,,,
,,,,,,,,,,,,,,,,,,,,,,,"foreground_3",12,,,,,,,,,,,,,,,,,
"Capital_layout_2a","CAPITAL",,"TRUE","TRUE",,,"TID_SCENERY_CLASSIC","sc/background_clan_capital_02.sc",,,"Player_Background_layout2a",,,,"sc/background_cc_gamearea.sc",,"image/background_icons/scenery_homevillage.sctx",,,"image/background_icons/clan_capital_layout2_1_bgr_image.sctx",,,"background_1",-20,,,"clan_pattern",,,,,,,,,,,,,,
,,,,,,,,,,,,,,,,,,,,,,,"background_2",-10,,,"banner",,,,,,,,,,,,,,
,,,,,,,,,,,,,,,,,,,,,,,"background_3",-5,,,,,,,,,,,,,,,,,
,,,,,,,,,,,,,,,,,,,,,,,"foreground_1",5,,,,,,,,,,,,,,,,,
,,,,,,,,,,,,,,,,,,,,,,,"foreground_2",10,,,,,,,,,,,,,,,,,
,,,,,,,,,,,,,,,,,,,,,,,"foreground_3",12,,,,,,,,,,,,,,,,,
"Capital_layout_2b","CAPITAL",,"TRUE","TRUE",,,"TID_SCENERY_CLASSIC","sc/background_clan_capital_02.sc",,,"Player_Background_layout2b",,,,"sc/background_cc_gamearea.sc",,"image/background_icons/scenery_homevillage.sctx",,,"image/background_icons/clan_capital_layout2_1_bgr_image.sctx",,,"background_1",-20,,,"clan_pattern",,,,,,,,,,,,,,
,,,,,,,,,,,,,,,,,,,,,,,"background_2",-10,,,"banner",,,,,,,,,,,,,,
,,,,,,,,,,,,,,,,,,,,,,,"background_3",-5,,,,,,,,,,,,,,,,,
,,,,,,,,,,,,,,,,,,,,,,,"foreground_1",5,,,,,,,,,,,,,,,,,
,,,,,,,,,,,,,,,,,,,,,,,"foreground_2",10,,,,,,,,,,,,,,,,,
,,,,,,,,,,,,,,,,,,,,,,,"foreground_3",12,,,,,,,,,,,,,,,,,
"Capital_layout_2c","CAPITAL",,"TRUE","TRUE",,,"TID_SCENERY_CLASSIC","sc/background_clan_capital_02.sc",,,"Player_Background_layout2c",,,,"sc/background_cc_gamearea.sc",,"image/background_icons/scenery_homevillage.sctx",,,"image/background_icons/clan_capital_layout2_1_bgr_image.sctx",,,"background_1",-20,,,"clan_pattern",,,,,,,,,,,,,,
,,,,,,,,,,,,,,,,,,,,,,,"background_2",-10,,,"banner",,,,,,,,,,,,,,
,,,,,,,,,,,,,,,,,,,,,,,"background_3",-5,,,,,,,,,,,,,,,,,
,,,,,,,,,,,,,,,,,,,,,,,"foreground_1",5,,,,,,,,,,,,,,,,,
,,,,,,,,,,,,,,,,,,,,,,,"foreground_2",10,,,,,,,,,,,,,,,,,
,,,,,,,,,,,,,,,,,,,,,,,"foreground_3",12,,,,,,,,,,,,,,,,,
"CapitalCore_Raid","CAPITAL",,"TRUE","TRUE",,,"TID_SCENERY_CLASSIC","sc/background_clan_capital.sc",,,"Enemy_Background",,,,"sc/background_cc_gamearea.sc",,"image/background_icons/scenery_homevillage.sctx",,,"image/background_icons/clan_capital_core_bgr_image.sctx",,,"background_1",-20,,,"clan_pattern",,,,,,,,,,,,,,
,,,,,,,,,,,,,,,,,,,,,,,"background_2",-10,,,"banner",,,,,,,,,,,,,,
,,,,,,,,,,,,,,,,,,,,,,,"background_3",-5,,,,,,,,,,,,,,,,,
,,,,,,,,,,,,,,,,,,,,,,,"foreground_1",4,,,,,,,,,,,,,,,,,
,,,,,,,,,,,,,,,,,,,,,,,"foreground_2",10,,,,,,,,,,,,,,,,,
,,,,,,,,,,,,,,,,,,,,,,,"foreground_3",12,,,,,,,,,,,,,,,,,
"Capital_layout_2d","CAPITAL",,"TRUE","TRUE",,,"TID_SCENERY_CLASSIC","sc/background_clan_capital_02.sc",,,"Player_Background_layout2d",,,,"sc/background_cc_gamearea.sc",,"image/background_icons/scenery_homevillage.sctx",,,"image/background_icons/clan_capital_layout2_1_bgr_image.sctx",,,"background_1",-20,,,"clan_pattern",,,,,,,,,,,,,,
,,,,,,,,,,,,,,,,,,,,,,,"background_2",-10,,,"banner",,,,,,,,,,,,,,
,,,,,,,,,,,,,,,,,,,,,,,"background_3",-5,,,,,,,,,,,,,,,,,
,,,,,,,,,,,,,,,,,,,,,,,"foreground_1",5,,,,,,,,,,,,,,,,,
,,,,,,,,,,,,,,,,,,,,,,,"foreground_2",10,,,,,,,,,,,,,,,,,
,,,,,,,,,,,,,,,,,,,,,,,"foreground_3",12,,,,,,,,,,,,,,,,,
"Capital_layout_2a_Raid","CAPITAL",,"TRUE","TRUE",,,"TID_SCENERY_CLASSIC","sc/background_clan_capital_02.sc",,,"Enemy_Background_layout2a",,,,"sc/background_cc_gamearea.sc",,"image/background_icons/scenery_homevillage.sctx",,,"image/background_icons/clan_capital_layout2_1_bgr_image.sctx",,,"background_1",-20,,,"clan_pattern",,,,,,,,,,,,,,
,,,,,,,,,,,,,,,,,,,,,,,"background_2",-10,,,"banner",,,,,,,,,,,,,,
,,,,,,,,,,,,,,,,,,,,,,,"background_3",-5,,,,,,,,,,,,,,,,,
,,,,,,,,,,,,,,,,,,,,,,,"foreground_1",5,,,,,,,,,,,,,,,,,
,,,,,,,,,,,,,,,,,,,,,,,"foreground_2",10,,,,,,,,,,,,,,,,,
,,,,,,,,,,,,,,,,,,,,,,,"foreground_3",12,,,,,,,,,,,,,,,,,
"Capital_layout_2b_Raid","CAPITAL",,"TRUE","TRUE",,,"TID_SCENERY_CLASSIC","sc/background_clan_capital_02.sc",,,"Enemy_Background_layout2b",,,,"sc/background_cc_gamearea.sc",,"image/background_icons/scenery_homevillage.sctx",,,"image/background_icons/clan_capital_layout2_1_bgr_image.sctx",,,"background_1",-20,,,"clan_pattern",,,,,,,,,,,,,,
,,,,,,,,,,,,,,,,,,,,,,,"background_2",-10,,,"banner",,,,,,,,,,,,,,
,,,,,,,,,,,,,,,,,,,,,,,"background_3",-5,,,,,,,,,,,,,,,,,
,,,,,,,,,,,,,,,,,,,,,,,"foreground_1",5,,,,,,,,,,,,,,,,,
,,,,,,,,,,,,,,,,,,,,,,,"foreground_2",10,,,,,,,,,,,,,,,,,
,,,,,,,,,,,,,,,,,,,,,,,"foreground_3",12,,,,,,,,,,,,,,,,,
"Capital_layout_2c_Raid","CAPITAL",,"TRUE","TRUE",,,"TID_SCENERY_CLASSIC","sc/background_clan_capital_02.sc",,,"Enemy_Background_layout2c",,,,"sc/background_cc_gamearea.sc",,"image/background_icons/scenery_homevillage.sctx",,,"image/background_icons/clan_capital_layout2_1_bgr_image.sctx",,,"background_1",-20,,,"clan_pattern",,,,,,,,,,,,,,
,,,,,,,,,,,,,,,,,,,,,,,"background_2",-10,,,"banner",,,,,,,,,,,,,,
,,,,,,,,,,,,,,,,,,,,,,,"background_3",-5,,,,,,,,,,,,,,,,,
,,,,,,,,,,,,,,,,,,,,,,,"foreground_1",5,,,,,,,,,,,,,,,,,
,,,,,,,,,,,,,,,,,,,,,,,"foreground_2",10,,,,,,,,,,,,,,,,,
,,,,,,,,,,,,,,,,,,,,,,,"foreground_3",12,,,,,,,,,,,,,,,,,
"Capital_layout_2d_Raid","CAPITAL",,"TRUE","TRUE",,,"TID_SCENERY_CLASSIC","sc/background_clan_capital_02.sc",,,"Enemy_Background_layout2d",,,,"sc/background_cc_gamearea.sc",,"image/background_icons/scenery_homevillage.sctx",,,"image/background_icons/clan_capital_layout2_1_bgr_image.sctx",,,"background_1",-20,,,"clan_pattern",,,,,,,,,,,,,,
,,,,,,,,,,,,,,,,,,,,,,,"background_2",-10,,,"banner",,,,,,,,,,,,,,
,,,,,,,,,,,,,,,,,,,,,,,"background_3",-5,,,,,,,,,,,,,,,,,
,,,,,,,,,,,,,,,,,,,,,,,"foreground_1",5,,,,,,,,,,,,,,,,,
,,,,,,,,,,,,,,,,,,,,,,,"foreground_2",10,,,,,,,,,,,,,,,,,
,,,,,,,,,,,,,,,,,,,,,,,"foreground_3",12,,,,,,,,,,,,,,,,,
"Spooky2022","HOME",,,,,,"TID_SPOOKY2022_SCENERY","sc/scenery_spooky_2022_dl_opt.sc",,,"Player_Background",,,,"sc/scenery_gamearea_spooky2022_dl_opt.sc","sc/scenery_bases_spooky2022_dl_opt.sc","image/background_icons/scenery_spooky2022_dl_opt.sctx",,,"image/background_icons/spooky2022_bgr_image_dl_opt.sctx",,"Shipyard:ship_location","foreground3",20,,"music/spooky_scenery_2022_ambandmusic_dl_opt.ogg",,,,,,,,,,,,,,,
,,,,,,,,,,,,,,,,,,,,,,"Rowboat:boat_location","foreground2",15,,,,,,,,,,,,,,,,,
,,,,,,,,,,,,,,,,,,,,,,"BalloonBus:air_ship_location","foreground1",10,,,,,,,,,,,,,,,,,
,,,,,,,,,,,,,,,,,,,,,,"Forge:forge_location","background",-5,,,,,,,,,,,,,,,,,
,,,,,,,,,,,,,,,,,,,,,,,"background1",-10,,,,,,,,,,,,,,,,,
"clashmas_2022","HOME",,,,,,"TID_JOLLY_SCENERY","sc/scenery_clashmas_2022_dl_opt.sc",,,"Player_Background",,,,"sc/scenery_gamearea_clashmas_2022_dl_opt.sc","sc/scenery_bases_clashmas_2022_dl_opt.sc","image/background_icons/scenery_jollyscenery_dl_opt.sctx",,,"image/background_icons/jolly_bgr_image_dl_opt.sctx",,"Shipyard:ship_location","foreground3",20,,"music/jolly_scenery_music_plus_amb_dl_opt.ogg",,,,,,,,,,,,,,,
,,,,,,,,,,,,,,,,,,,,,,"Rowboat:boat_location","foreground2",15,,,,,,,,,,,,,,,,,
,,,,,,,,,,,,,,,,,,,,,,"BalloonBus:air_ship_location","foreground1",10,,,,,,,,,,,,,,,,,
,,,,,,,,,,,,,,,,,,,,,,"Forge:forge_location","background",-5,,,,,,,,,,,,,,,,,
,,,,,,,,,,,,,,,,,,,,,,,"background1",-10,,,,,,,,,,,,,,,,,
"Lny2023","HOME",,,,,,"TID_MAGIC_THEATRE_SCENERY","sc/scenery_lny2023_dl_opt.sc",,,"Player_Background",,,,"sc/scenery_gamearea_lny2023_dl_opt.sc","sc/scenery_bases_lny2023_dl_opt.sc","image/background_icons/scenery_lny2023_dl_opt.sctx",,,"image/background_icons/lny2023_bgr_image_dl_opt.sctx",,"Shipyard:ship_location","foreground0",,,"music/LNY_2023_Scenery_ambience_and_music_dl_opt.ogg",,,,,,,,,,,,,,,
,,,,,,,,,,,,,,,,,,,,,,"Rowboat:boat_location",,,,,,,,,,,,,,,,,,,
,,,,,,,,,,,,,,,,,,,,,,"BalloonBus:air_ship_location",,,,,,,,,,,,,,,,,,,
,,,,,,,,,,,,,,,,,,,,,,"Forge:forge_location",,,,,,,,,,,,,,,,,,,
"Colorfest_2023","HOME",,,,,,"TID_PAINTER_SCENERY","sc/scenery_colorfest2023_dl_opt.sc",,,"Player_Background",,,,"sc/scenery_gamearea_colorfest2023_dl_opt.sc","sc/scenery_bases_colorfest2023_dl_opt.sc","image/background_icons/scenery_color2023_dl_opt.sctx",,,"image/background_icons/color_fest2023_bgr_image_dl_opt.sctx",,"Shipyard:ship_location","background",0,,"music/painter_scnenery_amb_plus_music_01_dl_opt.ogg",,,,,,,,,,,,,,,
,,,,,,,,,,,,,,,,,,,,,,"Rowboat:boat_location","foreground_1",15,,,,,,,,,,,,,,,,,
,,,,,,,,,,,,,,,,,,,,,,"BalloonBus:air_ship_location","foreground_2",20,,,,,,,,,,,,,,,,,
,,,,,,,,,,,,,,,,,,,,,,"Forge:forge_location",,,,,,,,,,,,,,,,,,,
"BB_Stage2","BB",,,"TRUE",6,,"TID_SCENERY_CLASSIC","sc/background_player_2_cave.sc",,,"Builders_base_second_env",,,"fireflies_above",,"sc/bb_scenery_bases_cave.sc","image/background_icons/scenery_builderbase_stage02.sctx",,,"image/background_icons/bb_stage2_bgr_image.sctx",,"StageGateNext:gate_next_location","foreground_1",7,"TRUE",,,,,,,,,,,,,,,,
,,,,,,,,,,,,,,,,,,,,,,"StageGatePrev:gate_prev_location","foreground_2",7,,,,,,,,,,,,,,,,,
,,,,,,,,,,,,,,,,,,,,,,"Shipyard2:ship_location","foreground_3",15,,,,,,,,,,,,,,,,,
,,,,,,,,,,,,,,,,,,,,,,"Rowboat2:boat_location","foreground_4",15,,,,,,,,,,,,,,,,,
,,,,,,,,,,,,,,,,,,,,,,"BB_harbor:harbor_location",,,,,,,,,,,,,,,,,,,
,,,,,,,,,,,,,,,,,,,,,,"LootCartBB:loot_cart_bb_location",,,,,,,,,,,,,,,,,,,
"BBVillageBackground","BB","TRUE",,,,,,,,,,,,,,,,,,,,,,,,,,,,,,,,,,,,,,,
"DarkAges","HOME",,,,,,"TID_DARK_AGES_SCENERY","sc/scenery_darkages2023_dl_opt.sc",,,"Player_Background",,,,"sc/scenery_gamearea_darkages2023_dl_opt.sc","sc/scenery_bases_darkages2023_dl_opt.sc","image/background_icons/scenery_darkages2023_dl_opt.sctx",,,"image/background_icons/darkages23_bgr_image_dl_opt.sctx",,"Shipyard:ship_location","background",0,,"music/Dark_Ages_Scenery_Ambience_and_music_dl_opt.ogg",,,,,,,,,,,,,,,
,,,,,,,,,,,,,,,,,,,,,,"Rowboat:boat_location",,,,,,,,,,,,,,,,,,,
,,,,,,,,,,,,,,,,,,,,,,"BalloonBus:air_ship_location",,,,,,,,,,,,,,,,,,,
,,,,,,,,,,,,,,,,,,,,,,"Forge:forge_location",,,,,,,,,,,,,,,,,,,
"BooksOfClash01","HOME",,,,,,"TID_SCENERY_BOOKS_OF_CLASH","sc/scenery_booksofclash01_dl_opt.sc",,,"Player_Background",,,,"sc/scenery_gamearea_booksofclash01_dl_opt.sc","sc/scenery_bases_booksofclash01_dl_opt.sc","image/background_icons/scenery_books_of_clash_01_dl_opt.sctx",,,"image/background_icons/book_of_clash_01_bgr_image.sctx",,"Shipyard:ship_location","foreground3",20,,"music/clash_comic_book_scenery_music_dl_opt.ogg",,,,,,,,,,,,,,,
,,,,,,,,,,,,,,,,,,,,,,"Rowboat:boat_location","foreground2",15,,,,,,,,,,,,,,,,,
,,,,,,,,,,,,,,,,,,,,,,"BalloonBus:air_ship_location","foreground1",10,,,,,,,,,,,,,,,,,
,,,,,,,,,,,,,,,,,,,,,,"Forge:forge_location","background",-5,,,,,,,,,,,,,,,,,
,,,,,,,,,,,,,,,,,,,,,,,"background1",-10,,,,,,,,,,,,,,,,,
"League_23","WAR",,,,,,"TID_CWL23_SCENERY","sc/scenery_war_league_2023_dl_opt.sc",,,"Player_war_bg",,,,"sc/scenery_war_league23_gamearea_dl_opt.sc","sc/scenery_war_league23_bases_dl_opt.sc","image/background_icons/scenery_war_league23_dl_opt.sctx",,,"image/background_icons/war_league_23_bgr_image.sctx",,,,,,"music/clash_league_scenery_music_dl_opt.ogg",,,,,,,,,,,,,,,
"Goblin_Cave","HOME",,,,,,"TID_SCENERY_GOBLIN_CAVES","sc/scenery_goblin_caves2023_dl_opt.sc",,,"Player_Background",,,,"sc/scenery_gamearea_goblincaves_dl_opt.sc","sc/scenery_bases_goblincaves_dl_opt.sc","image/background_icons/scenery_goblin_cave_dl_opt.sctx",,,"image/background_icons/goblin_cave_bgr_image_dl_opt.sctx",,"Shipyard:ship_location","foreground3",20,,"music/Goblin_Scenery_Music_Ambience_dl_opt.ogg",,,,,,,,,,,,,,,
,,,,,,,,,,,,,,,,,,,,,,"Rowboat:boat_location","foreground2",20,,,,,,,,,,,,,,,,,
,,,,,,,,,,,,,,,,,,,,,,"BalloonBus:air_ship_location","foreground1",10,,,,,,,,,,,,,,,,,
,,,,,,,,,,,,,,,,,,,,,,"Forge:forge_location","background",-5,,,,,,,,,,,,,,,,,
,,,,,,,,,,,,,,,,,,,,,,,"background1",-10,,,,,,,,,,,,,,,,,
"Capital_layout_2c_1","CAPITAL",,"TRUE","TRUE",,,"TID_SCENERY_CLASSIC","sc/background_clan_capital_02.sc",,,"Player_Background_layout2c_1",,,,"sc/background_cc_gamearea.sc",,"image/background_icons/scenery_homevillage.sctx",,,"image/background_icons/clan_capital_layout2_1_bgr_image.sctx",,,"background_1",-20,,,"clan_pattern",,,,,,,,,,,,,,
,,,,,,,,,,,,,,,,,,,,,,,"background_2",-10,,,"banner",,,,,,,,,,,,,,
,,,,,,,,,,,,,,,,,,,,,,,"background_3",-5,,,,,,,,,,,,,,,,,
,,,,,,,,,,,,,,,,,,,,,,,"foreground_1",5,,,,,,,,,,,,,,,,,
,,,,,,,,,,,,,,,,,,,,,,,"foreground_2",10,,,,,,,,,,,,,,,,,
,,,,,,,,,,,,,,,,,,,,,,,"foreground_3",12,,,,,,,,,,,,,,,,,
"Capital_layout_2c_1_Raid","CAPITAL",,"TRUE","TRUE",,,"TID_SCENERY_CLASSIC","sc/background_clan_capital_02.sc",,,"Enemy_Background_layout2c_1",,,,"sc/background_cc_gamearea.sc",,"image/background_icons/scenery_homevillage.sctx",,,"image/background_icons/clan_capital_layout2_1_bgr_image.sctx",,,"background_1",-20,,,"clan_pattern",,,,,,,,,,,,,,
,,,,,,,,,,,,,,,,,,,,,,,"background_2",-10,,,"banner",,,,,,,,,,,,,,
,,,,,,,,,,,,,,,,,,,,,,,"background_3",-5,,,,,,,,,,,,,,,,,
,,,,,,,,,,,,,,,,,,,,,,,"foreground_1",5,,,,,,,,,,,,,,,,,
,,,,,,,,,,,,,,,,,,,,,,,"foreground_2",10,,,,,,,,,,,,,,,,,
,,,,,,,,,,,,,,,,,,,,,,,"foreground_3",12,,,,,,,,,,,,,,,,,
"Chess","HOME",,,,,,"TID_SCENERY_CHESS","sc/scenery_chess_2023_dl_opt.sc",,,"Player_Background",,,,"sc/scenery_gamearea_chess_2023_dl_opt.sc","sc/scenery_bases_chess_2023_dl_opt.sc","image/background_icons/scenery_chess2023_dl_opt.sctx",,,"image/background_icons/chess2023_bgr_image_dl_opt.sctx",,"Shipyard:ship_location","foreground3",20,,"music/chess_scenery_music_dl_opt.ogg",,,,,,,,,,,,,,,
,,,,,,,,,,,,,,,,,,,,,,"Rowboat:boat_location","foreground2",15,,,,,,,,,,,,,,,,,
,,,,,,,,,,,,,,,,,,,,,,"BalloonBus:air_ship_location","foreground1",10,,,,,,,,,,,,,,,,,
,,,,,,,,,,,,,,,,,,,,,,"Forge:forge_location","background",-5,,,,,,,,,,,,,,,,,
,,,,,,,,,,,,,,,,,,,,,,,"background1",-10,,,,,,,,,,,,,,,,,
"BB_CrystalCaverns","BB",,,,,,"TID_SCENERY_CRYSTAL_CAVERNS","sc/scenery_bb_crystalcaverns_dl_opt.sc",,,"Player_BB_Background",,,"tree_iso",,"sc/bb_scenery_bases_cave.sc","image/background_icons/scenery_bb_crystal_caverns_dl_opt.sctx",,,"image/background_icons/bb_crystal_caverns_bgr_image_dl_opt.sctx",,"StageGateNext:gate_next_location","foreground_1",10,"TRUE",,,,,,,,,,,,,,,,
,,,,,,,,,,,,,,,,,,,,,,"StageGatePrev:gate_prev_location","foreground_2",10,,,,,,,,,,,,,,,,,
,,,,,,,,,,,,,,,,,,,,,,"Shipyard2:ship_location","foreground_3",15,,,,,,,,,,,,,,,,,
,,,,,,,,,,,,,,,,,,,,,,"Rowboat2:boat_location","foreground_4",15,,,,,,,,,,,,,,,,,
,,,,,,,,,,,,,,,,,,,,,,"BB_harbor:harbor_location",,,,,,,,,,,,,,,,,,,
,,,,,,,,,,,,,,,,,,,,,,"LootCartBB:loot_cart_bb_location",,,,,,,,,,,,,,,,,,,
"Clashiversary_2023","HOME",,,,,,"TID_SCENERY_FUTURE","sc/scenery_clashiversary2023_dl_opt.sc",,,"Player_Background",,,,"sc/scenery_gamearea_clashiversary2023_dl_opt.sc","sc/scenery_bases_clashiversary2023_dl_opt.sc","image/background_icons/scenery_clashiversary_dl_opt.sctx",,,"image/background_icons/clashiversary2023_bgr_image_dl_opt.sctx",,"Shipyard:ship_location","background",0,,"music/clashiversary_2023_dl_opt.ogg",,,,,,,,,,,,,,,
,,,,,,,,,,,,,,,,,,,,,,"Rowboat:boat_location","foreground_1",15,,,,,,,,,,,,,,,,,
,,,,,,,,,,,,,,,,,,,,,,"BalloonBus:air_ship_location","foreground_2",20,,,,,,,,,,,,,,,,,
,,,,,,,,,,,,,,,,,,,,,,"Forge:forge_location","background_1",-5,,,,,,,,,,,,,,,,,
,,,,,,,,,,,,,,,,,,,,,,,"background_2",-10,,,,,,,,,,,,,,,,,
"Ghost2023","HOME",,,,,,"TID_SCENERY_GHOST","sc/scenery_ghost2023_dl_opt.sc",,,"Player_Background",,,,"sc/scenery_gamearea_ghost2023_dl_opt.sc","sc/scenery_bases_ghost2023_dl_opt.sc","image/background_icons/scenery_ghost23_dl_opt.sctx",,,"image/background_icons/ghost2023_bgr_image_dl_opt.sctx",,"Shipyard:ship_location","foreground_2",20,,"music/CoC_Ghost_Scenery_dl_opt.ogg",,,,,,,,,,,,,,,
,,,,,,,,,,,,,,,,,,,,,,"Rowboat:boat_location","foreground_1",10,,,,,,,,,,,,,,,,,
,,,,,,,,,,,,,,,,,,,,,,"BalloonBus:air_ship_location",,,,,,,,,,,,,,,,,,,
,,,,,,,,,,,,,,,,,,,,,,"Forge:forge_location",,,,,,,,,,,,,,,,,,,
"NPCDefault2","NPC",,"TRUE","TRUE",,,"TID_SCENERY_CLASSIC","sc/background_npc_2.sc",,,"new_background_npc_02",,,,,"sc/background_npc_scenery_bases.sc","image/background_icons/scenery_homevillage.sctx",,,"image/background_icons/village_bgr_image.sctx",,,,,,,,,,,,,,,,,,,,,
"NPCDefault3","NPC",,"TRUE","TRUE",,,"TID_SCENERY_CLASSIC","sc/background_npc_3.sc",,,"new_background_npc_03",,,,,"sc/background_npc_scenery3_bases.sc","image/background_icons/scenery_homevillage.sctx",,,"image/background_icons/village_bgr_image.sctx",,,"background",0,,,,,,,,,,,,,,,,,
,,,,,,,,,,,,,,,,,,,,,,,"foreground_1",5,,,,,,,,,,,,,,,,,
,,,,,,,,,,,,,,,,,,,,,,,"foreground_2",10,,,,,,,,,,,,,,,,,
,,,,,,,,,,,,,,,,,,,,,,,"foreground_3",20,,,,,,,,,,,,,,,,,
"Champion_2023","WAR",,,,,,"TID_SCENERY_CHAMPION","sc/scenery_war_champion_2023_dl_opt.sc",,,"Player_war_bg",,,,"sc/scenery_war_gamearea_champion23_dl_opt.sc","sc/scenery_war_bases_champion23_dl_opt.sc","image/background_icons/scenery_war_champion23_dl_opt.sctx",,,"image/background_icons/war_champion23_bgr_image_dl_opt.sctx",,,"background_1",-10,,"music/Champion_Scenery_Music_Ambience_dl_opt.ogg",,,,,,,,,,,,,,,
,,,,,,,,,,,,,,,,,,,,,,,"foreground_1",5,,,,,,,,,,,,,,,,,
,,,,,,,,,,,,,,,,,,,,,,,"foreground_2",15,,,,,,,,,,,,,,,,,
"Gingerbread","HOME",,,,,,"TID_SCENERY_GINGERBREAD","sc/scenery_clashmas2023_dl_opt.sc",,,"Player_Background",,,,"sc/scenery_gamearea_clashmas_2023_dl_opt.sc","sc/scenery_bases_clashmas_2023_dl_opt.sc","image/background_icons/scenery_clashmas2023_dl_opt.sctx",,,"image/background_icons/clashmas2023_bgr_image_dl_opt.sctx",,"Shipyard:ship_location","foreground2",20,,"music/Gingerbread_Clashmas23_Music_and_Ambience_dl_opt.ogg",,,,,,,,,,,,,,,
,,,,,,,,,,,,,,,,,,,,,,"Rowboat:boat_location","foreground1",10,,,,,,,,,,,,,,,,,
,,,,,,,,,,,,,,,,,,,,,,"BalloonBus:air_ship_location",,,,,,,,,,,,,,,,,,,
,,,,,,,,,,,,,,,,,,,,,,"Forge:forge_location",,,,,,,,,,,,,,,,,,,
"Ofthenorth","BB",,,,,,"TID_SCENERY_OFTHENORTH","sc/scenery_bb_ofthenorth_dl_opt.sc",,,"Player_BB_Background",,,,,"sc/bb_scenery_bases_ofthenorth_dl_opt.sc","image/background_icons/scenery_builderbase_ofthenorth.sctx",,,"image/background_icons/bb_ofthenorth_bgr_image_dl_opt.sctx",,"StageGateNext:gate_next_location","foreground_1",10,"TRUE",,,,,,,,,,,,,,,,
,,,,,,,,,,,,,,,,,,,,,,"StageGatePrev:gate_prev_location","foreground_2",10,,,,,,,,,,,,,,,,,
,,,,,,,,,,,,,,,,,,,,,,"Shipyard2:ship_location","foreground_3",15,,,,,,,,,,,,,,,,,
,,,,,,,,,,,,,,,,,,,,,,"Rowboat2:boat_location","foreground_4",15,,,,,,,,,,,,,,,,,
,,,,,,,,,,,,,,,,,,,,,,"BB_harbor:harbor_location",,,,,,,,,,,,,,,,,,,
,,,,,,,,,,,,,,,,,,,,,,"LootCartBB:loot_cart_bb_location",,,,,,,,,,,,,,,,,,,
"Lny2024","HOME",,,,,,"TID_DRAGON_PALACE_SCENERY","sc/scenery_lny2024_dl_opt.sc",,,"Player_Background",,,,"sc/scenery_gamearea_lny2024_dl_opt.sc","sc/scenery_bases_lny2024_dl_opt.sc","image/background_icons/scenery_lny2024_dl_opt.sctx",,,"image/background_icons/lny2024_bgr_image_dl_opt.sctx",,"Shipyard:ship_location","foreground1",15,,"music/LNY_2024_scenery_music_dl_opt.ogg",,"snowfall;sine;plankton;9;400;0;-10;30;60",,,,,,,,,,,,,
,,,,,,,,,,,,,,,,,,,,,,"Rowboat:boat_location",,,,,,,,,,,,,,,,,,,
,,,,,,,,,,,,,,,,,,,,,,"BalloonBus:air_ship_location",,,,,,,,,,,,,,,,,,,
,,,,,,,,,,,,,,,,,,,,,,"Forge:forge_location",,,,,,,,,,,,,,,,,,,
"space2024","HOME",,,,,,"TID_SCENERY_SPACE","sc/scenery_space_dl_opt.sc",,,"Player_Background",,,,"sc/scenery_gamearea_space_dl_opt.sc","sc/scenery_bases_space_dl_opt.sc","image/background_icons/space_scenery_dl_opt.sctx",,,"image/background_icons/space_bgr_image_dl_opt.sctx",,"Shipyard:ship_location",,,,"music/spacescenery_ambience_and_music_dl_opt.ogg",,"hideclip;combat;foreground1,foreground2,foreground3,foreground4,trucks_and_bikes",,,,,,,,,,,,,
,,,,,,,,,,,,,,,,,,,,,,"Rowboat:boat_location","foreground4",20,,,,,,,,,,,,,,,,,
,,,,,,,,,,,,,,,,,,,,,,"BalloonBus:air_ship_location","foreground3",15,,,,,,,,,,,,,,,,,
,,,,,,,,,,,,,,,,,,,,,,"Forge:forge_location","foreground2",10,,,,,,,,,,,,,,,,,
,,,,,,,,,,,,,,,,,,,,,,,"foreground1",5,,,,,,,,,,,,,,,,,
,,,,,,,,,,,,,,,,,,,,,,,"background4",-20,,,,,,,,,,,,,,,,,
,,,,,,,,,,,,,,,,,,,,,,,"background3",-15,,,,,,,,,,,,,,,,,
,,,,,,,,,,,,,,,,,,,,,,,"background2",-10,,,,,,,,,,,,,,,,,
,,,,,,,,,,,,,,,,,,,,,,,"background1",-5,,,,,,,,,,,,,,,,,
"Egypt2024","HOME",,,,,,"TID_SCENERY_EGYPT","sc/scenery_egypt_2024_dl_opt.sc",,,"Player_Background",,,,"sc/scenery_gamearea_egypt2024_dl_opt.sc","sc/scenery_bases_egypt2024_dl_opt.sc","image/background_icons/scenery_egypt2024_dl_opt.sctx",,,"image/background_icons/egypt2024_bgr_image_dl_opt.sctx",,"Shipyard:ship_location",,,,"music/egypt2024_Scenery_Amb_Music_dl_opt.ogg",,,,,,,,,,,,,,,
,,,,,,,,,,,,,,,,,,,,,,"Rowboat:boat_location",,,,,,,,,,,,,,,,,,,
,,,,,,,,,,,,,,,,,,,,,,"BalloonBus:air_ship_location",,,,,,,,,,,,,,,,,,,
,,,,,,,,,,,,,,,,,,,,,,"Forge:forge_location",,,,,,,,,,,,,,,,,,,
"Clashball2024","HOME",,,,,,"TID_SCENERY_CLASHBALL","sc/scenery_clashball_dl_opt.sc",,,"Player_Background",,,,"sc/scenery_gamearea_clashball_dl_opt.sc",,"image/background_icons/scenery_clashball_dl_opt.sctx",,,"image/background_icons/clashball_bgr_image_dl_opt.sctx",,"Shipyard:ship_location",,,,"music/Haaland2024_scenery_ambience_music_dl_opt.ogg",,,10000,,,,,,,,,,,,
,,,,,,,,,,,,,,,,,,,,,,"Rowboat:boat_location",,,,,,,,,,,,,,,,,,,
,,,,,,,,,,,,,,,,,,,,,,"BalloonBus:air_ship_location",,,,,,,,,,,,,,,,,,,
,,,,,,,,,,,,,,,,,,,,,,"Forge:forge_location",,,,,,,,,,,,,,,,,,,
"WildWest2024","HOME",,,,,,"TID_SCENERY_WILDWEST","sc/scenery_wildwest_dl_opt.sc",,,"Player_Background",,,,"sc/scenery_gamearea_wildwest_dl_opt.sc","sc/scenery_bases_wildwest_dl_opt.sc","image/background_icons/scenery_wildwest_dl_opt.sctx",,,"image/background_icons/wildwest_bgr_image_dl_opt.sctx",,"Shipyard:ship_location",,,,"music/wildwest_scenery_ambience_music_dl_opt.ogg",,,10000,,,,,,,,,,,,
,,,,,,,,,,,,,,,,,,,,,,"Rowboat:boat_location",,,,,,,,,,,,,,,,,,,
,,,,,,,,,,,,,,,,,,,,,,"BalloonBus:air_ship_location",,,,,,,,,,,,,,,,,,,
,,,,,,,,,,,,,,,,,,,,,,"Forge:forge_location",,,,,,,,,,,,,,,,,,,
"ClashGames","HOME",,,,,,"TID_SCENERY_CLASHGAMES","sc/scenery_clashgames_2024_dl_opt.sc",,,"Player_Background",,,,"sc/scenery_gamearea_clashgames_dl_opt.sc",,"image/background_icons/scenery_clashgames_dl_opt.sctx",,,"image/background_icons/clashgames_bgr_image_dl_opt.sctx",,"Shipyard:ship_location","background1",-5,,"music/clashgames24_scenery_ambience_music_dl_opt.ogg",,,10000,,,,,,,,,,,,
,,,,,,,,,,,,,,,,,,,,,,"Rowboat:boat_location","background2",-20,,,,,,,,,,,,,,,,,
,,,,,,,,,,,,,,,,,,,,,,"BalloonBus:air_ship_location",,,,,,,,,,,,,,,,,,,
,,,,,,,,,,,,,,,,,,,,,,"Forge:forge_location",,,,,,,,,,,,,,,,,,,
"Anime2024","HOME",,,,,,"TID_SCENERY_ANIME","sc/scenery_anime_2024_dl_opt.sc",,,"Player_Background",,,,"sc/scenery_gamearea_anime_2024_dl_opt.sc","sc/scenery_bases_anime_2024_dl_opt.sc","image/background_icons/sceney_anime2024_dl_opt.sctx",,,"image/background_icons/anime2024_bgr_image_dl_opt.sctx",,"Shipyard:ship_location",,,,"music/Anime2024_scenery_ambience_music_dl_opt.ogg",,,,,,,,,,,,,,,
,,,,,,,,,,,,,,,,,,,,,,"Rowboat:boat_location",,,,,,,,,,,,,,,,,,,
,,,,,,,,,,,,,,,,,,,,,,"BalloonBus:air_ship_location",,,,,,,,,,,,,,,,,,,
,,,,,,,,,,,,,,,,,,,,,,"Forge:forge_location",,,,,,,,,,,,,,,,,,,
"Mashup","HOME",,,,,,"TID_SCENERY_MASHUP","sc/scenery_mashup_dl_opt.sc",,,"Player_Background",,,,"sc/scenery_gamearea_mashup_dl_opt.sc",,"image/background_icons/scenery_mashup_dl_opt.sctx",,,"image/background_icons/mashup_bgr_image_dl_opt.sctx",,"Shipyard:ship_location",,,,"music/Haaland2024_scenery_ambience_music_dl_opt.ogg",,,,,,,,,,,,,,,
,,,,,,,,,,,,,,,,,,,,,,"Rowboat:boat_location",,,,,,,,,,,,,,,,,,,
,,,,,,,,,,,,,,,,,,,,,,"BalloonBus:air_ship_location",,,,,,,,,,,,,,,,,,,
,,,,,,,,,,,,,,,,,,,,,,"Forge:forge_location",,,,,,,,,,,,,,,,,,,
"TTRPG","HOME",,,,,,"TID_SCENERY_TTRPG","sc/scenery_ttrpg_dl_opt.sc",,"sc/scenery_ttrpg_low_dl_opt.sc","Player_Background",,,,"sc/scenery_gamearea_ttrpg_dl_opt.sc","sc/scenery_bases_ttrpg_dl_opt.sc",,"sc/scenery_icon_ttrpg_dl_opt.sc","icon_anim","image/background_icons/ttrpg_bgr_image_dl_opt.sctx",,"Shipyard:ship_location","foreground1",15,,"music/Amb_TTRPG_Bed_and_Music_dl_opt.ogg",,,26616,"TRUE",5000,"sc/scenery_intro_ttrpg_dl_opt.sc","ttrpg_intro_anim","TTRPG_Transition","clickable_a",,"clickable_spawn_a","sc/scenery_clickable_ttrpg_dl_opt.sc","ttrpg_clickable_a","sfx/Cine_TTRPG_ArcherQueen_dl_opt.ogg",100
,,,,,,,,,,,,,,,,,,,,,,"Rowboat:boat_location","background1",-10,,,,,,,,,,,"clickable_b",,"clickable_spawn_b","sc/scenery_clickable_ttrpg_dl_opt.sc","ttrpg_clickable_b","sfx/Cine_TTRPG_BarbKing_dl_opt.ogg",100
,,,,,,,,,,,,,,,,,,,,,,"BalloonBus:air_ship_location","cloudslargea",-20,,,,,,,,,,,"clickable_c",,"clickable_spawn_c","sc/scenery_clickable_ttrpg_dl_opt.sc","ttrpg_clickable_c","sfx/Cine_TTRPG_RoyalChamp_dl_opt.ogg",100
,,,,,,,,,,,,,,,,,,,,,,"Forge:forge_location","cloudslargeb",-25,,,,,,,,,,,"clickable_d",,"clickable_spawn_d","sc/scenery_clickable_ttrpg_dl_opt.sc","ttrpg_clickable_d","sfx/Cine_TTRPG_GrandWarden_dl_opt.ogg",100
,,,,,,,,,,,,,,,,,,,,,,,"cloudssmalla",-30,,,,,,,,,,,,,,,,,
,,,,,,,,,,,,,,,,,,,,,,,"cloudssmallb",-30,,,,,,,,,,,,,,,,,
,,,,,,,,,,,,,,,,,,,,,,,"background2",-40,,,,,,,,,,,,,,,,,
"Clashoween2024","HOME",,,,,,"TID_SCENERY_CLASHOWEEN2024","sc/scenery_clashoween24_dl_opt.sc",,,"Player_Background",,,,"sc/scenery_gamearea_clashoween24_dl_opt.sc","sc/scenery_bases_clashoween24_dl_opt.sc","image/background_icons/scenery_clashoween24_dl_opt.sctx",,,"image/background_icons/clashoween24_bgr_image_dl_opt.sctx",,"Shipyard:ship_location","foreground1",20,,"music/Amb_Clashoween24_Bed_and_Music_dl_opt.ogg",,,,,,,,,,,,,,,
,,,,,,,,,,,,,,,,,,,,,,"Rowboat:boat_location",,,,,,,,,,,,,,,,,,,
,,,,,,,,,,,,,,,,,,,,,,"BalloonBus:air_ship_location",,,,,,,,,,,,,,,,,,,
,,,,,,,,,,,,,,,,,,,,,,"Forge:forge_location",,,,,,,,,,,,,,,,,,,
"TH17Scenery","HOME",,,,,,"TID_SCENERY_TH17","sc/scenery_th17_dl_opt.sc",,,"Player_Background",,,,"sc/scenery_gamearea_th17_dl_opt.sc","sc/scenery_bases_th17_dl_opt.sc","image/background_icons/scenery_th17_dl_opt.sctx",,,"image/background_icons/th17_bgr_image_dl_opt.sctx",,"Shipyard:ship_location","foreground1",10,,"music/Amb_TH17_Bed_and_Music_dl_opt.ogg",,,,,,,,,,,,,,,
,,,,,,,,,,,,,,,,,,,,,,"Rowboat:boat_location",,,,,,,,,,,,,,,,,,,
,,,,,,,,,,,,,,,,,,,,,,"BalloonBus:air_ship_location",,,,,,,,,,,,,,,,,,,
,,,,,,,,,,,,,,,,,,,,,,"Forge:forge_location",,,,,,,,,,,,,,,,,,,
"WarMachine","WAR",,,,,,"TID_SCENERY_WAR_MACHINE","sc/scenery_war_machine_dl_opt.sc",,,"Player_war_bg",,,,"sc/scenery_gamearea_war_machine_dl_opt.sc","sc/scenery_bases_war_machine_dl_opt.sc","image/background_icons/scenery_war_machine_dl_opt.sctx",,,"image/background_icons/war_machine_bgr_image_dl_opt.sctx",,,"background_1",-10,,"music/Amb_WarMachine_Bed_and_Music_dl_opt.ogg",,,,,,,,,,,,,,,
,,,,,,,,,,,,,,,,,,,,,,,"foreground_1",5,,,,,,,,,,,,,,,,,
,,,,,,,,,,,,,,,,,,,,,,,"foreground_2",15,,,,,,,,,,,,,,,,,
"Clashmas2024","HOME",,,,,,"TID_SCENERY_CLASHMAS2024","sc/scenery_clashmas24_dl_opt.sc",,,"Player_Background",,,,"sc/scenery_gamearea_clashmas24_dl_opt.sc","sc/scenery_bases_chess_2023_dl_opt.sc","image/background_icons/scenery_clashmas24_dl_opt.sctx",,,"image/background_icons/clashmas24_bgr_image_dl_opt.sctx",,"Shipyard:ship_location","foreground1",15,,"music/Amb_Clashmas24_Bed_and_Music_dl_opt.ogg",,,,,,,,,,,,,,,
,,,,,,,,,,,,,,,,,,,,,,"Rowboat:boat_location",,,,,,,,,,,,,,,,,,,
,,,,,,,,,,,,,,,,,,,,,,"BalloonBus:air_ship_location",,,,,,,,,,,,,,,,,,,
,,,,,,,,,,,,,,,,,,,,,,"Forge:forge_location",,,,,,,,,,,,,,,,,,,
"FireAndIce","HOME",,,,,,"TID_SCENERY_FIRE_ICE","sc/scenery_fireandice_dl_opt.sc",,,"Player_Background",,,,"sc/scenery_gamearea_fireandice_dl_opt.sc","sc/scenery_bases_fireandice_dl_opt.sc","image/background_icons/scenery_fireandice_dl_opt.sctx",,,"image/background_icons/fireandice_bgr_image_dl_opt.sctx",,"Shipyard:ship_location","foreground1",15,,"music/Amb_FireIce_Bed_and_Music_dl_opt.ogg",,,,,,,,,,,,,,,
,,,,,,,,,,,,,,,,,,,,,,"Rowboat:boat_location",,,,,,,,,,,,,,,,,,,
,,,,,,,,,,,,,,,,,,,,,,"BalloonBus:air_ship_location",,,,,,,,,,,,,,,,,,,
,,,,,,,,,,,,,,,,,,,,,,"Forge:forge_location",,,,,,,,,,,,,,,,,,,
"VillageBackground054",,"TRUE",,,,,,,,,,,,,,,,,,,,,,,,,,,,,,,,,,,,,,,
"Lny2025","HOME",,,,,,"TID_SCENERY_LNY2025","sc/scenery_lny2025_dl_opt.sc",,"sc/scenery_lny2025_low_dl_opt.sc","Player_Background",,,,"sc/scenery_gamearea_lny2025_dl_opt.sc","sc/scenery_bases_lny2025_dl_opt.sc",,"sc/scenery_icon_lny2025_dl_opt.sc","icon_anim","image/background_icons/lny2025_bgr_image_dl_opt.sctx",,"Shipyard:ship_location","foreground1",15,,"music/Amb_LNY25_Bed_and_Music_dl_opt.ogg",,"hideclip;combat;troops_playarea",26616,"TRUE",5000,"sc/scenery_intro_lny2025_dl_opt.sc","LNY_intro_anim","LNY25_Transition","clickable_a",,"clickable_spawn_a","sc/scenery_clickable_lny2025_dl_opt.sc","lny2025_clickable_a","sfx/Cine_LNY25_ScrollOpen.ogg",50
,,,,,,,,,,,,,,,,,,,,,,"Rowboat:boat_location","background1",-10,,,,,,,,,,,"clickable_b",,"clickable_spawn_b","sc/scenery_clickable_lny2025_dl_opt.sc","lny2025_clickable_b","sfx/Cine_LNY25_ScrollOpen.ogg",50
,,,,,,,,,,,,,,,,,,,,,,"BalloonBus:air_ship_location",,,,,,,,,,,,,"clickable_c",,"clickable_spawn_c","sc/scenery_clickable_lny2025_dl_opt.sc","lny2025_clickable_c","sfx/Cine_LNY25_ScrollOpen.ogg",50
,,,,,,,,,,,,,,,,,,,,,,"Forge:forge_location",,,,,,,,,,,,,"clickable_d",,"clickable_spawn_d","sc/scenery_clickable_lny2025_dl_opt.sc","lny2025_clickable_d","sfx/Cine_LNY25_ScrollOpen.ogg",50
,,,,,,,,,,,,,,,,,,,,,,,,,,,,,,,,,,,"clickable_e",,"clickable_spawn_e","sc/scenery_clickable_lny2025_dl_opt.sc","lny2025_clickable_e","sfx/Cine_LNY25_ScrollOpen.ogg",50
"ActionHeroes","HOME",,,,,,"TID_SCENERY_ACTION_HEROES","sc/scenery_action_dl_opt.sc",,,"Player_Background",,,,"sc/scenery_gamearea_action_dl_opt.sc","sc/scenery_bases_action_dl_opt.sc","image/background_icons/scenery_action_dl_opt.sctx",,,"image/background_icons/action_bgr_image_dl_opt.sctx",,"Shipyard:ship_location","foreground1",15,,"music/Amb_Military_Bed_and_Music_dl_opt.ogg",,,,,,,,,,,,,,,
,,,,,,,,,,,,,,,,,,,,,,"Rowboat:boat_location",,,,,,,,,,,,,,,,,,,
,,,,,,,,,,,,,,,,,,,,,,"BalloonBus:air_ship_location",,,,,,,,,,,,,,,,,,,
,,,,,,,,,,,,,,,,,,,,,,"Forge:forge_location",,,,,,,,,,,,,,,,,,,
"April2025","HOME",,,,,,"TID_SCENERY_APRIL25","sc/scenery_april25_dl_opt.sc",,,"Player_Background",,,,"sc/scenery_gamearea_april25_dl_opt.sc","sc/scenery_bases_april25_dl_opt.sc","image/background_icons/scenery_april25_dl_opt.sctx",,,"image/background_icons/april25_bgr_image_dl_opt.sctx",,"Shipyard:ship_location","foreground1",10,,"music/Amb_April25_Bed_and_Music_dl_opt.ogg",,,,,,,,,,,,,,,
,,,,,,,,,,,,,,,,,,,,,,"Rowboat:boat_location","foreground2",20,,,,,,,,,,,,,,,,,
,,,,,,,,,,,,,,,,,,,,,,"BalloonBus:air_ship_location",,,,,,,,,,,,,,,,,,,
,,,,,,,,,,,,,,,,,,,,,,"Forge:forge_location",,,,,,,,,,,,,,,,,,,
"Japan2025","HOME",,,,,,"TID_SCENERY_JAPAN25","sc/scenery_japan25_dl_opt.sc",,,"Player_Background",,,,"sc/scenery_gamearea_japan25_dl_opt.sc","sc/scenery_bases_japan25_dl_opt.sc","image/background_icons/scenery_japan25_dl_opt.sctx",,,"image/background_icons/japan25_bgr_image_dl_opt.sctx",,"Shipyard:ship_location","foreground1",10,,"music/Amb_Japan25_Bed_and_Music_dl_opt.ogg",,,26616,,5000,,,,,,,,,,
,,,,,,,,,,,,,,,,,,,,,,"Rowboat:boat_location","foreground2",20,,,,,,,,,,,,,,,,,
,,,,,,,,,,,,,,,,,,,,,,"BalloonBus:air_ship_location",,,,,,,,,,,,,,,,,,,
,,,,,,,,,,,,,,,,,,,,,,"Forge:forge_location",,,,,,,,,,,,,,,,,,,
"DarkDays","HOME",,,,,,"TID_SCENERY_DARK_DAYS","sc/scenery_darkdays_dl_opt.sc",,,"Player_Background",,,,"sc/scenery_gamearea_darkdays_dl_opt.sc","sc/scenery_bases_darkdays_dl_opt.sc","image/background_icons/scenery_darkdays_dl_opt.sctx",,,"image/background_icons/darkdays_bgr_image_dl_opt.sctx",,"Shipyard:ship_location","foreground_01",30,,"music/Amb_DarkDays_Bed_and_Music_dl_opt.ogg",,,10000,,5000,,,,,,,,,,
,,,,,,,,,,,,,,,,,,,,,,"Rowboat:boat_location",,,,,,,,,,,,,,,,,,,
,,,,,,,,,,,,,,,,,,,,,,"BalloonBus:air_ship_location",,,,,,,,,,,,,,,,,,,
,,,,,,,,,,,,,,,,,,,,,,"Forge:forge_location",,,,,,,,,,,,,,,,,,,
"VillageBackground060",,"TRUE",,,,,,,,,,,,,,,,,,,,,,,,,,,,,,,,,,,,,,,
"VillageBackground061",,"TRUE",,,,,,,,,,,,,,,,,,,,,,,,,,,,,,,,,,,,,,,
"VillageBackground062",,"TRUE",,,,,,,,,,,,,,,,,,,,,,,,,,,,,,,,,,,,,,,
"VillageBackground063",,"TRUE",,,,,,,,,,,,,,,,,,,,,,,,,,,,,,,,,,,,,,,
"VillageBackground064",,"TRUE",,,,,,,,,,,,,,,,,,,,,,,,,,,,,,,,,,,,,,,
"VillageBackground065",,"TRUE",,,,,,,,,,,,,,,,,,,,,,,,,,,,,,,,,,,,,,,
"VillageBackground066",,"TRUE",,,,,,,,,,,,,,,,,,,,,,,,,,,,,,,,,,,,,,,
"VillageBackground067",,"TRUE",,,,,,,,,,,,,,,,,,,,,,,,,,,,,,,,,,,,,,,
"VillageBackground068",,"TRUE",,,,,,,,,,,,,,,,,,,,,,,,,,,,,,,,,,,,,,,
"VillageBackground069",,"TRUE",,,,,,,,,,,,,,,,,,,,,,,,,,,,,,,,,,,,,,,
"VillageBackground070",,"TRUE",,,,,,,,,,,,,,,,,,,,,,,,,,,,,,,,,,,,,,,
